{"indexes":[{"v":{"$numberInt":"2"},"key":{"_id":{"$numberInt":"1"}},"name":"_id_"},{"v":{"$numberInt":"2"},"key":{"equipId":{"$numberInt":"1"}},"name":"equipId_1","background":true},{"v":{"$numberInt":"2"},"key":{"isDirty":{"$numberInt":"1"}},"name":"isDirty_1","background":true},{"v":{"$numberInt":"2"},"key":{"facilityCode":{"$numberInt":"1"}},"name":"facilityCode_1","background":true},{"v":{"$numberInt":"2"},"key":{"createdAt":{"$numberInt":"1"}},"name":"createdAt_1","background":true},{"v":{"$numberInt":"2"},"key":{"loc.coordinates":{"$numberInt":"1"}},"name":"loc.coordinates_1","background":true}],"uuid":"11376004ae54484ca79a0189805e1298","collectionName":"equipment_geolocation","type":"collection"}